,normal,offensive,hatespeech
normal,0.6828644501278772,0.22634271099744246,0.0907928388746803
offensive,0.3156934306569343,0.4908759124087591,0.19343065693430658
hatespeech,0.09932659932659933,0.1531986531986532,0.7474747474747475
