{
    "hatespeech": {
        "precision": 0.714975845410628,
        "recall": 0.7474747474747475,
        "f1-score": 0.7308641975308642,
        "support": 594.0
    },
    "normal": {
        "precision": 0.6971279373368147,
        "recall": 0.6828644501278772,
        "f1-score": 0.689922480620155,
        "support": 782.0
    },
    "offensive": {
        "precision": 0.5009310986964618,
        "recall": 0.4908759124087591,
        "f1-score": 0.49585253456221196,
        "support": 548.0
    },
    "accuracy": 0.6481288981288982,
    "macro avg": {
        "precision": 0.6376782938146347,
        "recall": 0.6404050366704613,
        "f1-score": 0.6388797375710771,
        "support": 1924.0
    },
    "weighted avg": {
        "precision": 0.6467567262250328,
        "recall": 0.6481288981288982,
        "f1-score": 0.6472868514128829,
        "support": 1924.0
    }
}