{
    "hatespeech": {
        "precision": 0.7071005917159763,
        "recall": 0.8047138047138047,
        "f1-score": 0.752755905511811,
        "support": 594.0
    },
    "normal": {
        "precision": 0.7661169415292354,
        "recall": 0.6534526854219949,
        "f1-score": 0.7053140096618358,
        "support": 782.0
    },
    "offensive": {
        "precision": 0.49569707401032703,
        "recall": 0.5255474452554745,
        "f1-score": 0.5101860053144376,
        "support": 548.0
    },
    "accuracy": 0.6637214137214137,
    "macro avg": {
        "precision": 0.6563048690851795,
        "recall": 0.661237978463758,
        "f1-score": 0.6560853068293614,
        "support": 1924.0
    },
    "weighted avg": {
        "precision": 0.6708748421584259,
        "recall": 0.6637214137214137,
        "f1-score": 0.6643838328180265,
        "support": 1924.0
    }
}