{
    "hatespeech": {
        "precision": 0.7924242424242425,
        "recall": 0.8819561551433389,
        "f1-score": 0.8347964884277733,
        "support": 593.0
    },
    "normal": {
        "precision": 0.7929577464788733,
        "recall": 0.7208706786171575,
        "f1-score": 0.7551978537894031,
        "support": 781.0
    },
    "offensive": {
        "precision": 0.5996376811594203,
        "recall": 0.6040145985401459,
        "f1-score": 0.6018181818181818,
        "support": 548.0
    },
    "accuracy": 0.7372528616024974,
    "macro avg": {
        "precision": 0.7283398900208454,
        "recall": 0.7356138107668807,
        "f1-score": 0.7306041746784526,
        "support": 1922.0
    },
    "weighted avg": {
        "precision": 0.737673790339718,
        "recall": 0.7372528616024974,
        "f1-score": 0.7360250806886353,
        "support": 1922.0
    }
}