{
    "hatespeech": {
        "precision": 0.6845753899480069,
        "recall": 0.664983164983165,
        "f1-score": 0.6746370623398804,
        "support": 594.0
    },
    "normal": {
        "precision": 0.6292834890965732,
        "recall": 0.7749360613810742,
        "f1-score": 0.6945558739255014,
        "support": 782.0
    },
    "offensive": {
        "precision": 0.4635416666666667,
        "recall": 0.3248175182481752,
        "f1-score": 0.38197424892703863,
        "support": 548.0
    },
    "accuracy": 0.6127858627858628,
    "macro avg": {
        "precision": 0.5924668485704155,
        "recall": 0.5882455815374714,
        "f1-score": 0.5837223950641401,
        "support": 1924.0
    },
    "weighted avg": {
        "precision": 0.5991467273575726,
        "recall": 0.6127858627858628,
        "f1-score": 0.5993757779894221,
        "support": 1924.0
    }
}