{
    "hatespeech": {
        "precision": 0.7145748987854251,
        "recall": 0.5942760942760943,
        "f1-score": 0.6488970588235294,
        "support": 594.0
    },
    "normal": {
        "precision": 0.6072234762979684,
        "recall": 0.6879795396419437,
        "f1-score": 0.645083932853717,
        "support": 782.0
    },
    "offensive": {
        "precision": 0.4375,
        "recall": 0.4343065693430657,
        "f1-score": 0.4358974358974359,
        "support": 548.0
    },
    "accuracy": 0.5867983367983368,
    "macro avg": {
        "precision": 0.5864327916944645,
        "recall": 0.5721874010870346,
        "f1-score": 0.5766261425248941,
        "support": 1924.0
    },
    "weighted avg": {
        "precision": 0.5920250771016392,
        "recall": 0.5867983367983368,
        "f1-score": 0.5866799809275354,
        "support": 1924.0
    }
}